{"cameraMode":{"drawMode":0,"name":"Shaded","section":"Shading Mode"},"sceneLighting":false,"audioPlay":false,"sceneViewState":{"showFog":true,"showMaterialUpdate":false,"showSkybox":false,"showFlares":true,"showImageEffects":true,"showParticleSystems":true},"in2DMode":false,"pivot":{"x":-3.1871278285980226,"y":-12.309808731079102,"z":-42.4852409362793},"rotation":{"x":-0.0029276753775775434,"y":0.9912461042404175,"z":-0.13009700179100038,"w":-0.02230680361390114},"size":52.34634780883789,"orthographic":false}