{"cameraMode":{"drawMode":0,"name":"Shaded","section":"Shading Mode"},"sceneLighting":false,"audioPlay":false,"sceneViewState":{"showFog":true,"showMaterialUpdate":false,"showSkybox":false,"showFlares":true,"showImageEffects":true,"showParticleSystems":true},"in2DMode":false,"pivot":{"x":26.955223083496095,"y":-34.677337646484378,"z":43.50475311279297},"rotation":{"x":0.2476329654455185,"y":0.20025230944156648,"z":-0.05239282548427582,"w":0.9464848041534424},"size":70.89229583740235,"orthographic":false}